지역,일자,PM10
서울 중구,2023-01-01,54.97826086956522
서울 중구,2023-01-31,39.78260869565217
서울 중구,2023-02-01,64.26086956521739
서울 중구,2023-02-02,44.47826086956522
서울 중구,2023-02-03,42.04347826086956
서울 중구,2023-02-04,39.391304347826086
서울 중구,2023-02-05,66.56521739130434
서울 중구,2023-02-06,79.91304347826087
서울 중구,2023-02-07,79.3913043478261
서울 중구,2023-02-08,68.47826086956522
서울 중구,2023-02-09,37.69565217391305
서울 중구,2023-02-11,44.21739130434783
서울 중구,2023-02-12,71.21739130434783
서울 중구,2023-02-13,35.130434782608695
서울 중구,2023-02-14,39.4
서울 중구,2023-02-15,19.695652173913043
서울 중구,2023-02-16,30.304347826086957
서울 중구,2023-02-17,49.26086956521739
서울 중구,2023-02-18,84.6086956521739
서울 중구,2023-02-20,39.391304347826086
서울 중구,2023-02-21,33.73913043478261
서울 중구,2023-02-22,41.96153846153846
서울 중구,2023-02-23,41.08695652173913
서울 중구,2023-02-24,48.19565217391305
서울 중구,2023-02-25,37.130434782608695
서울 중구,2023-02-26,35.47826086956522
서울 중구,2023-02-27,49.52173913043478
서울 중구,2023-02-28,39.23255813953488
서울 중구,2023-03-01,33.58695652173913
서울 중구,2023-03-02,47.90243902439025
서울 중구,2023-03-03,37.13636363636363
서울 중구,2023-03-04,68.6086956521739
서울 중구,2023-03-05,71.02173913043478
서울 중구,2023-03-06,53.80434782608695
서울 중구,2023-03-07,61.52173913043478
서울 중구,2023-03-10,94.67391304347827
서울 중구,2023-03-11,97.73913043478261
서울 중구,2023-03-13,30.565217391304348
서울 중구,2023-03-14,38.02325581395349
서울 중구,2023-03-15,43.15217391304348
서울 중구,2023-03-16,55.108695652173914
서울 중구,2023-03-17,38.43478260869565
서울 중구,2023-03-18,54.45652173913044
서울 중구,2023-03-19,92.06521739130434
서울 중구,2023-03-20,88.23913043478261
서울 중구,2023-03-21,56.5
서울 중구,2023-03-22,60.97826086956522
서울 중구,2023-03-23,101.43478260869566
서울 중구,2023-03-24,131.2608695652174
서울 중구,2023-03-25,93.54347826086956
서울 중구,2023-03-26,57.73913043478261
서울 중구,2023-03-27,44.95652173913044
서울 중구,2023-03-28,62.391304347826086
서울 중구,2023-03-29,75.70454545454545
서울 중구,2023-03-30,78.73913043478261
서울 중구,2023-03-31,95.54347826086956
서울 중구,2023-04-01,81.73913043478261
서울 중구,2023-04-02,47.65217391304348
서울 중구,2023-04-03,51.32608695652174
서울 중구,2023-04-07,72.37777777777778
서울 중구,2023-04-08,35.355555555555554
서울 중구,2023-04-09,52.869565217391305
서울 중구,2023-04-10,44.88636363636363
서울 중구,2023-04-12,249.58695652173913
서울 중구,2023-04-13,181.47826086956522
서울 중구,2023-04-14,88.65217391304348
서울 중구,2023-04-16,98.26086956521739
서울 중구,2023-04-17,95.1304347826087
서울 중구,2023-04-19,34.71739130434783
서울 중구,2023-04-21,46.26086956521739
서울 중구,2023-04-22,49.52173913043478
서울 중구,2023-04-23,47.28260869565217
서울 중구,2023-04-24,47.02173913043478
서울 중구,2023-04-26,24.23913043478261
서울 중구,2023-04-27,36.34090909090909
서울 중구,2023-04-30,33.369565217391305
서울 중구,2023-05-01,40.5
서울 중구,2023-05-02,30.195652173913043
서울 중구,2023-05-03,36.58695652173913
서울 중구,2023-05-04,42.41304347826087
서울 중구,2023-05-07,32.32608695652174
서울 중구,2023-05-08,34.02173913043478
서울 중구,2023-05-09,48.19565217391305
서울 중구,2023-05-10,53.84782608695652
서울 중구,2023-05-11,47.36363636363637
서울 중구,2023-05-12,53.72727272727273
서울 중구,2023-05-13,40.80434782608695
서울 중구,2023-05-14,20.130434782608695
서울 중구,2023-05-15,35.19565217391305
서울 중구,2023-05-17,33.130434782608695
서울 중구,2023-05-19,22.130434782608695
서울 중구,2023-05-20,22.847826086956523
서울 중구,2023-05-22,122.65217391304348
서울 중구,2023-05-23,58.34782608695652
서울 중구,2023-05-24,38.130434782608695
서울 중구,2023-05-25,32.869565217391305
서울 중구,2023-05-26,31.186046511627907
서울 중구,2023-05-30,35.90909090909091
서울 중구,2023-05-31,27.47826086956522
서울 중구,2023-06-01,37.977777777777774
서울 중구,2023-06-02,30.652173913043477
서울 중구,2023-06-03,32.21739130434783
서울 중구,2023-06-04,36.369565217391305
서울 중구,2023-06-05,31.209302325581394
서울 중구,2023-06-06,20.26086956521739
서울 중구,2023-06-07,35.02173913043478
서울 중구,2023-06-12,30.108695652173914
서울 중구,2023-06-13,27.5
서울 중구,2023-06-15,29.6046511627907
서울 중구,2023-06-16,27.195652173913043
서울 중구,2023-06-17,20.022222222222222
서울 중구,2023-06-18,25.456521739130434
서울 중구,2023-06-19,47.84444444444444
서울 중구,2023-06-22,20.434782608695652
서울 중구,2023-06-23,34.869565217391305
서울 중구,2023-06-24,36.72093023255814
서울 중구,2023-06-25,33.422222222222224
서울 중구,2023-06-28,31.152173913043477
서울 중구,2023-07-01,27.369565217391305
서울 중구,2023-07-02,20.644444444444446
서울 중구,2023-07-03,33.28260869565217
서울 중구,2023-07-06,47.869565217391305
서울 중구,2023-07-07,44.58695652173913
서울 중구,2023-07-08,13.478260869565217
서울 중구,2023-07-16,30.847826086956523
서울 중구,2023-07-19,31.043478260869566
서울 중구,2023-07-20,57.17777777777778
서울 중구,2023-07-21,64.52173913043478
서울 중구,2023-07-27,23.47826086956522
서울 중구,2023-07-28,34.19565217391305
서울 중구,2023-07-29,30.13953488372093
서울 중구,2023-08-01,29.818181818181817
서울 중구,2023-08-02,34.422222222222224
서울 중구,2023-08-03,24.27777777777778
서울 중구,2023-08-04,22.108695652173914
서울 중구,2023-08-05,20.68888888888889
서울 중구,2023-08-07,13.028571428571428
서울 중구,2023-08-08,11.785714285714286
서울 중구,2023-08-13,28.217391304347824
서울 중구,2023-08-14,41.72093023255814
서울 중구,2023-08-15,25.891304347826086
서울 중구,2023-08-17,28.91304347826087
서울 중구,2023-08-18,38.56521739130435
서울 중구,2023-08-19,27.32608695652174
서울 중구,2023-08-20,26.956521739130434
서울 중구,2023-08-21,26.934782608695652
서울 중구,2023-08-25,17.97826086956522
서울 중구,2023-08-26,39.28260869565217
서울 중구,2023-08-27,28.52173913043478
서울 중구,2023-08-31,19.91111111111111
서울 중구,2023-09-01,24.065217391304348
서울 중구,2023-09-02,28.543478260869566
서울 중구,2023-09-05,16.782608695652176
서울 중구,2023-09-06,18.02173913043478
서울 중구,2023-09-07,18.47826086956522
서울 중구,2023-09-08,16.565217391304348
서울 중구,2023-09-09,28.369565217391305
서울 중구,2023-09-10,34.30434782608695
서울 중구,2023-09-11,28.32608695652174
서울 중구,2023-09-12,28.608695652173914
서울 중구,2023-09-14,8.285714285714286
서울 중구,2023-09-18,16.166666666666668
서울 중구,2023-09-19,25.482758620689655
서울 중구,2023-09-21,9.91304347826087
서울 중구,2023-09-22,19.67391304347826
서울 중구,2023-09-23,18.108695652173914
서울 중구,2023-09-24,11.130434782608695
서울 중구,2023-09-28,42.891304347826086
서울 중구,2023-09-29,28.08695652173913
서울 중구,2023-10-01,25.02173913043478
서울 중구,2023-10-02,16.08695652173913
서울 중구,2023-10-03,20.108695652173914
서울 중구,2023-10-05,29.652173913043477
서울 중구,2023-10-06,22.02173913043478
서울 중구,2023-10-07,21.244444444444444
서울 중구,2023-10-08,11.108695652173912
서울 중구,2023-10-10,20.113636363636363
서울 중구,2023-10-11,24.863636363636363
서울 중구,2023-10-12,27.82608695652174
서울 중구,2023-10-13,32.630434782608695
서울 중구,2023-10-15,22.244444444444444
서울 중구,2023-10-16,42.26086956521739
서울 중구,2023-10-17,33.31818181818182
서울 중구,2023-10-18,31.847826086956523
서울 중구,2023-10-20,18.934782608695652
서울 중구,2023-10-22,22.41304347826087
서울 중구,2023-10-23,29.434782608695652
서울 중구,2023-10-24,32.17391304347826
서울 중구,2023-10-25,35.369565217391305
서울 중구,2023-10-26,48.08695652173913
서울 중구,2023-10-27,27.790697674418606
서울 중구,2023-10-28,33.869565217391305
서울 중구,2023-10-29,28.543478260869566
서울 중구,2023-10-30,40.28260869565217
서울 중구,2023-10-31,45.5
서울 중구,2023-11-01,46.45652173913044
서울 중구,2023-11-02,39.47826086956522
서울 중구,2023-11-04,46.34782608695652
서울 중구,2023-11-07,18.533333333333335
서울 중구,2023-11-08,24.456521739130434
서울 중구,2023-11-10,16.42222222222222
서울 중구,2023-11-11,17.558139534883722
서울 중구,2023-11-12,17.955555555555556
서울 중구,2023-11-13,23.27906976744186
서울 중구,2023-11-14,25.717391304347824
서울 중구,2023-11-15,40.30232558139535
서울 중구,2023-11-17,18.152173913043477
서울 중구,2023-11-18,20.847826086956523
서울 중구,2023-11-19,39.47826086956522
서울 중구,2023-11-20,30.5
서울 중구,2023-11-21,33.5
서울 중구,2023-11-22,41.15217391304348
서울 중구,2023-11-24,15.173913043478262
서울 중구,2023-11-25,17.8
서울 중구,2023-11-26,23.304347826086957
서울 중구,2023-11-28,30.130434782608695
서울 중구,2023-11-29,16.934782608695652
서울 중구,2023-11-30,16.681818181818183
서울 중구,2023-12-01,22.043478260869566
서울 중구,2023-12-02,32.52173913043478
서울 중구,2023-12-03,35.67391304347826
서울 중구,2023-12-04,40.674418604651166
서울 중구,2023-12-05,42.56521739130435
서울 중구,2023-12-07,59.67391304347826
서울 중구,2023-12-08,80.30434782608695
서울 중구,2023-12-09,69.21739130434783
서울 중구,2023-12-10,76.78260869565217
서울 중구,2023-12-13,13.866666666666667
서울 중구,2023-12-17,13.217391304347826
서울 중구,2023-12-18,13.23913043478261
서울 중구,2023-12-19,23.456521739130434
서울 중구,2023-12-20,41.56521739130435
서울 중구,2023-12-21,20.043478260869566
서울 중구,2023-12-22,20.67391304347826
서울 중구,2023-12-23,30.152173913043477
서울 중구,2023-12-26,45.95454545454545
서울 중구,2023-12-27,76.3913043478261
서울 중구,2023-12-28,49.47826086956522
서울 중구,2023-12-29,42.02173913043478
충남 태안군,2023-01-01,51.47826086956522
충남 태안군,2023-01-31,35.31884057971015
충남 태안군,2023-02-01,51.3768115942029
충남 태안군,2023-02-02,44.6031746031746
충남 태안군,2023-02-03,38.44927536231884
충남 태안군,2023-02-04,43.59090909090909
충남 태안군,2023-02-05,60.859375
충남 태안군,2023-02-06,70.34545454545454
충남 태안군,2023-02-07,70.5952380952381
충남 태안군,2023-02-08,57.01724137931034
충남 태안군,2023-02-09,45.869565217391305
충남 태안군,2023-02-10,26.608695652173914
충남 태안군,2023-02-11,44.0
충남 태안군,2023-02-12,82.27536231884058
충남 태안군,2023-02-13,55.21875
충남 태안군,2023-02-14,34.594202898550726
충남 태안군,2023-02-15,28.529411764705884
충남 태안군,2023-02-16,28.26086956521739
충남 태안군,2023-02-17,43.47826086956522
충남 태안군,2023-02-18,90.46376811594203
충남 태안군,2023-02-19,54.46376811594203
충남 태안군,2023-02-20,39.69565217391305
충남 태안군,2023-02-21,28.72463768115942
충남 태안군,2023-02-22,30.985507246376812
충남 태안군,2023-02-23,28.806451612903224
충남 태안군,2023-02-24,65.76811594202898
충남 태안군,2023-02-25,33.768115942028984
충남 태안군,2023-02-26,36.231884057971016
충남 태안군,2023-02-27,46.44927536231884
충남 태안군,2023-02-28,43.69565217391305
충남 태안군,2023-03-01,36.3768115942029
충남 태안군,2023-03-02,49.492063492063494
충남 태안군,2023-03-03,36.69565217391305
충남 태안군,2023-03-04,39.768115942028984
충남 태안군,2023-03-05,44.53623188405797
충남 태안군,2023-03-06,64.43939393939394
충남 태안군,2023-03-07,52.701492537313435
충남 태안군,2023-03-08,51.6271186440678
충남 태안군,2023-03-09,46.25
충남 태안군,2023-03-10,63.43478260869565
충남 태안군,2023-03-11,105.08695652173913
충남 태안군,2023-03-12,53.91208791208791
충남 태안군,2023-03-13,43.870588235294115
충남 태안군,2023-03-14,47.741573033707866
충남 태안군,2023-03-15,58.630434782608695
충남 태안군,2023-03-16,65.21111111111111
충남 태안군,2023-03-17,47.75
충남 태안군,2023-03-18,44.362637362637365
충남 태안군,2023-03-19,107.09782608695652
충남 태안군,2023-03-20,65.26744186046511
충남 태안군,2023-03-21,65.03260869565217
충남 태안군,2023-03-22,84.55434782608695
충남 태안군,2023-03-23,151.46511627906978
충남 태안군,2023-03-24,105.34782608695652
충남 태안군,2023-03-25,88.48913043478261
충남 태안군,2023-03-26,50.68478260869565
충남 태안군,2023-03-27,46.391304347826086
충남 태안군,2023-03-28,55.14942528735632
충남 태안군,2023-03-29,64.1304347826087
충남 태안군,2023-03-30,48.55434782608695
충남 태안군,2023-03-31,84.49450549450549
충남 태안군,2023-04-01,90.1195652173913
충남 태안군,2023-04-02,57.43956043956044
충남 태안군,2023-04-03,60.674418604651166
충남 태안군,2023-04-04,54.65934065934066
충남 태안군,2023-04-05,21.97590361445783
충남 태안군,2023-04-06,120.51648351648352
충남 태안군,2023-04-07,56.544444444444444
충남 태안군,2023-04-08,59.57142857142857
충남 태안군,2023-04-09,59.78888888888889
충남 태안군,2023-04-10,40.92391304347826
충남 태안군,2023-04-11,71.08045977011494
충남 태안군,2023-04-12,338.375
충남 태안군,2023-04-13,212.6086956521739
충남 태안군,2023-04-14,81.5
충남 태안군,2023-04-15,45.40217391304348
충남 태안군,2023-04-16,119.04347826086956
충남 태안군,2023-04-17,84.77173913043478
충남 태안군,2023-04-18,51.141304347826086
충남 태안군,2023-04-19,43.2962962962963
충남 태안군,2023-04-20,14.5
충남 태안군,2023-04-21,88.92391304347827
충남 태안군,2023-04-22,154.05434782608697
충남 태안군,2023-04-23,89.08695652173913
충남 태안군,2023-04-24,48.94805194805195
충남 태안군,2023-04-25,32.223880597014926
충남 태안군,2023-04-26,33.01470588235294
충남 태안군,2023-04-27,31.304347826086957
충남 태안군,2023-04-28,28.02173913043478
충남 태안군,2023-04-29,28.684782608695652
충남 태안군,2023-04-30,51.26086956521739
충남 태안군,2023-05-01,35.43478260869565
충남 태안군,2023-05-02,40.895348837209305
충남 태안군,2023-05-03,44.2093023255814
충남 태안군,2023-05-04,34.07608695652174
충남 태안군,2023-05-05,9.043478260869565
충남 태안군,2023-05-06,10.347826086956522
충남 태안군,2023-05-07,36.01086956521739
충남 태안군,2023-05-08,35.30434782608695
충남 태안군,2023-05-09,43.47826086956522
충남 태안군,2023-05-10,51.848837209302324
충남 태안군,2023-05-11,41.03488372093023
충남 태안군,2023-05-12,38.93258426966292
충남 태안군,2023-05-13,28.956521739130434
충남 태안군,2023-05-14,25.395604395604394
충남 태안군,2023-05-15,39.40659340659341
충남 태안군,2023-05-16,53.34117647058824
충남 태안군,2023-05-17,30.74712643678161
충남 태안군,2023-05-18,33.59550561797753
충남 태안군,2023-05-19,29.793478260869566
충남 태안군,2023-05-20,23.087912087912088
충남 태안군,2023-05-21,49.641304347826086
충남 태안군,2023-05-22,209.5
충남 태안군,2023-05-23,59.84782608695652
충남 태안군,2023-05-24,41.08536585365854
충남 태안군,2023-05-25,39.15217391304348
충남 태안군,2023-05-26,33.45652173913044
충남 태안군,2023-05-27,31.66304347826087
충남 태안군,2023-05-28,12.619565217391305
충남 태안군,2023-05-29,17.902173913043477
충남 태안군,2023-05-30,35.19767441860465
충남 태안군,2023-05-31,30.108695652173914
충남 태안군,2023-06-01,40.130434782608695
충남 태안군,2023-06-02,30.51086956521739
충남 태안군,2023-06-03,35.78021978021978
충남 태안군,2023-06-04,33.630434782608695
충남 태안군,2023-06-05,29.08235294117647
충남 태안군,2023-06-06,20.641304347826086
충남 태안군,2023-06-07,19.471264367816094
충남 태안군,2023-06-08,15.554347826086957
충남 태안군,2023-06-09,33.51086956521739
충남 태안군,2023-06-10,28.304347826086957
충남 태안군,2023-06-11,35.97826086956522
충남 태안군,2023-06-12,23.181818181818183
충남 태안군,2023-06-13,22.66304347826087
충남 태안군,2023-06-14,20.679012345679013
충남 태안군,2023-06-15,26.40449438202247
충남 태안군,2023-06-16,23.26086956521739
충남 태안군,2023-06-17,19.347826086956523
충남 태안군,2023-06-18,21.630434782608695
충남 태안군,2023-06-19,33.68478260869565
충남 태안군,2023-06-20,43.08695652173913
충남 태안군,2023-06-21,17.942028985507246
충남 태안군,2023-06-22,26.536231884057973
충남 태안군,2023-06-23,33.42857142857143
충남 태안군,2023-06-24,29.47826086956522
충남 태안군,2023-06-25,35.47826086956522
충남 태안군,2023-06-26,19.729411764705883
충남 태안군,2023-06-27,21.41304347826087
충남 태안군,2023-06-28,18.694117647058825
충남 태안군,2023-06-29,29.1625
충남 태안군,2023-06-30,18.625
충남 태안군,2023-07-01,25.152173913043477
충남 태안군,2023-07-02,16.0
충남 태안군,2023-07-03,42.97826086956522
충남 태안군,2023-07-04,14.317073170731707
충남 태안군,2023-07-05,36.74418604651163
충남 태안군,2023-07-06,42.93478260869565
충남 태안군,2023-07-07,29.091954022988507
충남 태안군,2023-07-08,12.89010989010989
충남 태안군,2023-07-09,33.89887640449438
충남 태안군,2023-07-10,32.576470588235296
충남 태안군,2023-07-11,28.666666666666668
충남 태안군,2023-07-12,19.142857142857142
충남 태안군,2023-07-13,20.6046511627907
충남 태안군,2023-07-14,27.46153846153846
충남 태안군,2023-07-15,29.181818181818183
충남 태안군,2023-07-16,23.18888888888889
충남 태안군,2023-07-17,16.2183908045977
충남 태안군,2023-07-18,9.333333333333334
충남 태안군,2023-07-19,33.28767123287671
충남 태안군,2023-07-20,38.735632183908045
충남 태안군,2023-07-21,53.97826086956522
충남 태안군,2023-07-22,33.31868131868132
충남 태안군,2023-07-23,12.26086956521739
충남 태안군,2023-07-24,16.802197802197803
충남 태안군,2023-07-25,17.177777777777777
충남 태안군,2023-07-26,19.28735632183908
충남 태안군,2023-07-27,23.896551724137932
충남 태안군,2023-07-28,29.76
충남 태안군,2023-07-29,28.742424242424242
충남 태안군,2023-07-30,35.95454545454545
충남 태안군,2023-07-31,30.242424242424242
충남 태안군,2023-08-01,37.41836734693877
충남 태안군,2023-08-02,31.934579439252335
충남 태안군,2023-08-03,34.30555555555556
충남 태안군,2023-08-04,33.419642857142854
충남 태안군,2023-08-05,30.482142857142858
충남 태안군,2023-08-06,25.56756756756757
충남 태안군,2023-08-07,32.776785714285715
충남 태안군,2023-08-08,25.561904761904763
충남 태안군,2023-08-09,19.266666666666666
충남 태안군,2023-08-10,15.085714285714285
충남 태안군,2023-08-11,31.19298245614035
충남 태안군,2023-08-12,29.31578947368421
충남 태안군,2023-08-13,39.20909090909091
충남 태안군,2023-08-14,38.94059405940594
충남 태안군,2023-08-15,32.61467889908257
충남 태안군,2023-08-16,18.570093457943926
충남 태안군,2023-08-17,25.86111111111111
충남 태안군,2023-08-18,26.079646017699115
충남 태안군,2023-08-19,22.603603603603602
충남 태안군,2023-08-20,32.769911504424776
충남 태안군,2023-08-21,32.5
충남 태안군,2023-08-22,23.278260869565216
충남 태안군,2023-08-23,15.428571428571429
충남 태안군,2023-08-24,17.536082474226806
충남 태안군,2023-08-25,26.121739130434783
충남 태안군,2023-08-26,34.089285714285715
충남 태안군,2023-08-27,39.3304347826087
충남 태안군,2023-08-28,23.547826086956523
충남 태안군,2023-08-29,14.73913043478261
충남 태안군,2023-08-30,19.77358490566038
충남 태안군,2023-08-31,23.116071428571427
충남 태안군,2023-09-01,30.47222222222222
충남 태안군,2023-09-02,39.24561403508772
충남 태안군,2023-09-03,36.06086956521739
충남 태안군,2023-09-04,34.7304347826087
충남 태안군,2023-09-05,33.861111111111114
충남 태안군,2023-09-06,52.41346153846154
충남 태안군,2023-09-07,35.69565217391305
충남 태안군,2023-09-08,31.614035087719298
충남 태안군,2023-09-09,34.3304347826087
충남 태안군,2023-09-10,27.026086956521738
충남 태안군,2023-09-11,25.55263157894737
충남 태안군,2023-09-12,28.12037037037037
충남 태안군,2023-09-13,24.153153153153152
충남 태안군,2023-09-14,19.98181818181818
충남 태안군,2023-09-15,18.869565217391305
충남 태안군,2023-09-16,23.191304347826087
충남 태안군,2023-09-17,15.57391304347826
충남 태안군,2023-09-18,18.238532110091743
충남 태안군,2023-09-19,22.817391304347826
충남 태안군,2023-09-20,29.038834951456312
충남 태안군,2023-09-21,22.123893805309734
충남 태안군,2023-09-22,31.93913043478261
충남 태안군,2023-09-23,35.13913043478261
충남 태안군,2023-09-24,33.02654867256637
충남 태안군,2023-09-25,28.843478260869563
충남 태안군,2023-09-26,15.878260869565217
충남 태안군,2023-09-27,20.085714285714285
충남 태안군,2023-09-28,58.74782608695652
충남 태안군,2023-09-29,40.15652173913043
충남 태안군,2023-09-30,29.591304347826085
충남 태안군,2023-10-01,36.6140350877193
충남 태안군,2023-10-02,29.530434782608694
충남 태안군,2023-10-03,33.65217391304348
충남 태안군,2023-10-04,32.22727272727273
충남 태안군,2023-10-05,47.56880733944954
충남 태안군,2023-10-06,34.22727272727273
충남 태안군,2023-10-07,46.2695652173913
충남 태안군,2023-10-08,25.0
충남 태안군,2023-10-09,24.034782608695654
충남 태안군,2023-10-10,28.17391304347826
충남 태안군,2023-10-11,43.48
충남 태안군,2023-10-12,43.0
충남 태안군,2023-10-13,42.3304347826087
충남 태안군,2023-10-14,27.956521739130434
충남 태안군,2023-10-15,32.608695652173914
충남 태안군,2023-10-16,49.31304347826087
충남 태안군,2023-10-17,42.48695652173913
충남 태안군,2023-10-18,36.98019801980198
충남 태안군,2023-10-19,30.156521739130437
충남 태안군,2023-10-20,34.18260869565217
충남 태안군,2023-10-21,35.08849557522124
충남 태안군,2023-10-22,29.678260869565218
충남 태안군,2023-10-23,40.869565217391305
충남 태안군,2023-10-24,37.88695652173913
충남 태안군,2023-10-25,42.714285714285715
충남 태안군,2023-10-26,50.61682242990654
충남 태안군,2023-10-27,49.43478260869565
충남 태안군,2023-10-28,40.69565217391305
충남 태안군,2023-10-29,50.13913043478261
충남 태안군,2023-10-30,46.026785714285715
충남 태안군,2023-10-31,39.21739130434783
충남 태안군,2023-11-01,44.81818181818182
충남 태안군,2023-11-02,37.017391304347825
충남 태안군,2023-11-03,39.330275229357795
충남 태안군,2023-11-04,99.3391304347826
충남 태안군,2023-11-05,31.06086956521739
충남 태안군,2023-11-06,40.77391304347826
충남 태안군,2023-11-07,35.19130434782609
충남 태안군,2023-11-08,37.56730769230769
충남 태안군,2023-11-09,39.29245283018868
충남 태안군,2023-11-10,25.278260869565216
충남 태안군,2023-11-11,25.017391304347825
충남 태안군,2023-11-12,28.571428571428573
충남 태안군,2023-11-13,30.8265306122449
충남 태안군,2023-11-14,33.31818181818182
충남 태안군,2023-11-15,46.892857142857146
충남 태안군,2023-11-16,47.44565217391305
충남 태안군,2023-11-17,28.278350515463917
충남 태안군,2023-11-18,33.86086956521739
충남 태안군,2023-11-19,53.2
충남 태안군,2023-11-20,33.22608695652174
충남 태안군,2023-11-21,37.41284403669725
충남 태안군,2023-11-22,39.0
충남 태안군,2023-11-23,108.97916666666667
충남 태안군,2023-11-24,25.254901960784313
충남 태안군,2023-11-25,22.321739130434782
충남 태안군,2023-11-26,34.13913043478261
충남 태안군,2023-11-27,45.160377358490564
충남 태안군,2023-11-28,31.756521739130434
충남 태안군,2023-11-29,23.22429906542056
충남 태안군,2023-11-30,24.57391304347826
충남 태안군,2023-12-01,25.556521739130435
충남 태안군,2023-12-02,39.391304347826086
충남 태안군,2023-12-03,33.52173913043478
충남 태안군,2023-12-04,34.643478260869564
충남 태안군,2023-12-05,63.669724770642205
충남 태안군,2023-12-06,87.25714285714285
충남 태안군,2023-12-07,85.27826086956522
충남 태안군,2023-12-08,103.26086956521739
충남 태안군,2023-12-09,68.85217391304347
충남 태안군,2023-12-10,71.95652173913044
충남 태안군,2023-12-11,32.869565217391305
충남 태안군,2023-12-12,19.617391304347827
충남 태안군,2023-12-13,31.27102803738318
충남 태안군,2023-12-14,24.954128440366972
충남 태안군,2023-12-15,15.443478260869565
충남 태안군,2023-12-16,27.356521739130436
충남 태안군,2023-12-17,23.234782608695653
충남 태안군,2023-12-18,22.17391304347826
충남 태안군,2023-12-19,26.94782608695652
충남 태안군,2023-12-20,30.866666666666667
충남 태안군,2023-12-21,23.703703703703702
충남 태안군,2023-12-22,25.278260869565216
충남 태안군,2023-12-23,33.869565217391305
충남 태안군,2023-12-24,37.417391304347824
충남 태안군,2023-12-25,39.243478260869566
충남 태안군,2023-12-26,42.090090090090094
충남 태안군,2023-12-27,72.99038461538461
충남 태안군,2023-12-28,49.732142857142854
충남 태안군,2023-12-29,65.05504587155963
충남 태안군,2023-12-30,77.14782608695653
충남 태안군,2023-12-31,48.62608695652174
서울 중구,2022-01-24,65.0
서울 중구,2022-01-26,49.0
서울 중구,2022-01-27,46.0
서울 중구,2022-02-01,31.5
서울 중구,2022-02-02,65.0
서울 중구,2022-02-03,18.5
서울 중구,2022-02-04,20.5
서울 중구,2022-02-05,18.0
서울 중구,2022-02-06,17.0
서울 중구,2022-02-07,17.0
서울 중구,2022-02-08,24.5
서울 중구,2022-02-09,21.0
서울 중구,2022-02-10,37.5
서울 중구,2022-02-11,51.0
서울 중구,2022-02-12,104.0
서울 중구,2022-02-13,56.0
서울 중구,2022-02-15,53.0
서울 중구,2022-02-16,22.5
서울 중구,2022-02-17,21.5
서울 중구,2022-02-18,34.0
서울 중구,2022-02-19,45.5
서울 중구,2022-02-20,21.0
서울 중구,2022-02-21,20.0
서울 중구,2022-02-22,23.0
서울 중구,2022-02-23,23.5
서울 중구,2022-02-24,21.0
서울 중구,2022-02-25,32.5
서울 중구,2022-02-27,62.5
서울 중구,2022-02-28,28.5
서울 중구,2022-03-02,16.0
서울 중구,2022-03-03,37.5
서울 중구,2022-03-04,45.5
서울 중구,2022-03-05,138.5
서울 중구,2022-03-06,29.0
서울 중구,2022-03-07,23.5
서울 중구,2022-03-08,35.5
서울 중구,2022-03-09,50.5
서울 중구,2022-03-10,65.0
서울 중구,2022-03-11,61.5
서울 중구,2022-03-15,28.5
서울 중구,2022-03-16,53.0
서울 중구,2022-03-18,8.0
서울 중구,2022-03-21,17.5
서울 중구,2022-03-22,23.0
서울 중구,2022-03-23,30.0
서울 중구,2022-03-24,26.0
서울 중구,2022-03-27,27.5
서울 중구,2022-03-28,17.0
서울 중구,2022-03-29,30.5
서울 중구,2022-03-30,27.5
서울 중구,2022-03-31,45.5
서울 중구,2022-04-01,9.5
서울 중구,2022-04-02,17.5
서울 중구,2022-04-03,37.0
서울 중구,2022-04-04,52.5
서울 중구,2022-04-05,41.0
서울 중구,2022-04-06,37.5
서울 중구,2022-04-07,47.5
서울 중구,2022-04-08,30.5
서울 중구,2022-04-10,51.0
서울 중구,2022-04-11,30.5
서울 중구,2022-04-14,10.0
서울 중구,2022-04-15,10.5
서울 중구,2022-04-16,21.5
서울 중구,2022-04-17,51.0
서울 중구,2022-04-18,57.5
서울 중구,2022-04-19,50.5
서울 중구,2022-04-20,76.5
서울 중구,2022-04-21,65.0
서울 중구,2022-04-22,30.5
서울 중구,2022-04-23,65.5
서울 중구,2022-04-24,72.0
서울 중구,2022-04-27,42.0
서울 중구,2022-04-28,68.5
서울 중구,2022-04-30,4.0
서울 중구,2022-05-01,52.0
서울 중구,2022-05-02,43.5
서울 중구,2022-05-03,37.0
서울 중구,2022-05-04,27.5
서울 중구,2022-05-05,32.5
서울 중구,2022-05-06,28.5
서울 중구,2022-05-07,33.5
서울 중구,2022-05-09,11.5
서울 중구,2022-05-10,28.0
서울 중구,2022-05-12,25.5
서울 중구,2022-05-13,34.0
서울 중구,2022-05-14,24.5
서울 중구,2022-05-15,20.0
서울 중구,2022-05-16,14.0
서울 중구,2022-05-17,37.0
서울 중구,2022-05-19,43.5
서울 중구,2022-05-20,32.0
서울 중구,2022-05-21,37.0
서울 중구,2022-05-22,22.5
서울 중구,2022-05-23,35.0
서울 중구,2022-05-24,44.0
서울 중구,2022-05-26,9.5
서울 중구,2022-05-27,21.0
서울 중구,2022-05-28,22.0
서울 중구,2022-05-29,20.5
서울 중구,2022-05-30,28.0
서울 중구,2022-05-31,9.0
서울 중구,2022-06-01,26.0
서울 중구,2022-06-02,21.0
서울 중구,2022-06-03,16.5
서울 중구,2022-06-04,42.5
서울 중구,2022-06-05,41.0
서울 중구,2022-06-07,4.0
서울 중구,2022-06-08,7.5
서울 중구,2022-06-11,27.0
서울 중구,2022-06-12,14.0
서울 중구,2022-06-14,12.0
서울 중구,2022-06-17,18.5
서울 중구,2022-06-18,22.5
서울 중구,2022-06-19,19.0
서울 중구,2022-06-20,21.0
서울 중구,2022-06-21,14.5
서울 중구,2022-06-22,13.0
서울 중구,2022-06-25,54.0
서울 중구,2022-06-26,35.0
서울 중구,2022-07-01,9.0
서울 중구,2022-07-02,17.0
서울 중구,2022-07-03,39.0
서울 중구,2022-07-05,26.5
서울 중구,2022-07-09,25.5
서울 중구,2022-07-10,14.5
서울 중구,2022-07-12,7.0
서울 중구,2022-07-15,23.5
서울 중구,2022-07-18,36.5
서울 중구,2022-07-19,17.0
서울 중구,2022-07-25,21.0
서울 중구,2022-07-26,18.5
서울 중구,2022-07-27,35.0
서울 중구,2022-07-28,16.0
서울 중구,2022-07-29,36.0
서울 중구,2022-07-30,33.5
서울 중구,2022-08-04,24.5
서울 중구,2022-08-12,10.0
서울 중구,2022-08-16,41.5
서울 중구,2022-08-17,21.0
서울 중구,2022-08-18,10.0
서울 중구,2022-08-21,19.0
서울 중구,2022-08-24,26.5
서울 중구,2022-08-26,16.0
서울 중구,2022-08-28,17.0
서울 중구,2022-08-31,5.5
서울 중구,2022-09-01,13.5
서울 중구,2022-09-02,22.5
서울 중구,2022-09-03,10.0
서울 중구,2022-09-07,32.0
서울 중구,2022-09-08,28.0
서울 중구,2022-09-09,27.5
서울 중구,2022-09-10,9.0
서울 중구,2022-09-11,21.0
서울 중구,2022-09-12,21.0
서울 중구,2022-09-13,21.5
서울 중구,2022-09-14,15.5
서울 중구,2022-09-15,21.5
서울 중구,2022-09-18,18.5
서울 중구,2022-09-19,23.5
서울 중구,2022-09-20,33.0
서울 중구,2022-09-21,27.5
서울 중구,2022-09-22,24.5
서울 중구,2022-09-24,15.0
서울 중구,2022-09-25,26.0
서울 중구,2022-09-26,19.5
서울 중구,2022-09-27,26.0
서울 중구,2022-09-28,24.5
서울 중구,2022-09-29,90.0
서울 중구,2022-09-30,44.0
서울 중구,2022-10-01,45.5
서울 중구,2022-10-07,8.5
서울 중구,2022-10-08,15.0
서울 중구,2022-10-11,7.0
서울 중구,2022-10-12,22.5
서울 중구,2022-10-13,27.5
서울 중구,2022-10-14,27.5
서울 중구,2022-10-15,28.0
서울 중구,2022-10-16,38.0
서울 중구,2022-10-17,51.5
서울 중구,2022-10-18,23.0
서울 중구,2022-10-19,24.5
서울 중구,2022-10-20,31.0
서울 중구,2022-10-21,48.0
서울 중구,2022-10-22,71.0
서울 중구,2022-10-23,27.5
서울 중구,2022-10-24,27.0
서울 중구,2022-10-25,30.5
서울 중구,2022-10-26,20.0
서울 중구,2022-10-27,26.5
서울 중구,2022-10-28,37.5
서울 중구,2022-10-29,42.5
서울 중구,2022-10-30,38.5
서울 중구,2022-10-31,31.5
서울 중구,2022-11-01,41.5
서울 중구,2022-11-02,45.5
서울 중구,2022-11-03,23.5
서울 중구,2022-11-04,22.5
서울 중구,2022-11-05,34.0
서울 중구,2022-11-06,33.5
서울 중구,2022-11-07,28.0
서울 중구,2022-11-08,34.0
서울 중구,2022-11-09,63.5
서울 중구,2022-11-10,107.5
서울 중구,2022-11-11,78.5
서울 중구,2022-11-13,12.5
서울 중구,2022-11-14,23.0
서울 중구,2022-11-16,23.0
서울 중구,2022-11-17,38.0
서울 중구,2022-11-18,51.0
서울 중구,2022-11-19,51.0
서울 중구,2022-11-20,46.0
서울 중구,2022-11-21,25.5
서울 중구,2022-11-22,51.5
서울 중구,2022-11-23,50.5
서울 중구,2022-11-24,35.5
서울 중구,2022-11-26,43.5
서울 중구,2022-11-27,19.5
서울 중구,2022-11-30,17.5
서울 중구,2022-12-01,18.5
서울 중구,2022-12-02,25.5
서울 중구,2022-12-04,62.5
서울 중구,2022-12-05,22.0
서울 중구,2022-12-06,27.5
서울 중구,2022-12-07,20.5
서울 중구,2022-12-08,23.0
서울 중구,2022-12-09,26.5
서울 중구,2022-12-10,38.0
서울 중구,2022-12-11,34.5
서울 중구,2022-12-13,24.0
서울 중구,2022-12-14,43.0
서울 중구,2022-12-15,24.0
서울 중구,2022-12-17,31.0
서울 중구,2022-12-18,14.0
서울 중구,2022-12-19,12.5
서울 중구,2022-12-23,25.0
서울 중구,2022-12-24,19.5
서울 중구,2022-12-25,34.5
서울 중구,2022-12-26,37.0
서울 중구,2022-12-28,32.0
서울 중구,2022-12-29,31.5
서울 중구,2022-12-30,35.0
서울 중구,2022-12-31,37.5
서울 중구,2023-01-01,64.0
충남 태안군,2022-01-24,69.0
충남 태안군,2022-01-26,71.6
충남 태안군,2022-01-27,37.333333333333336
충남 태안군,2022-02-01,44.6
충남 태안군,2022-02-02,35.6
충남 태안군,2022-02-03,31.4
충남 태안군,2022-02-04,30.8
충남 태안군,2022-02-05,20.8
충남 태안군,2022-02-06,26.0
충남 태안군,2022-02-07,20.8
충남 태안군,2022-02-08,29.8
충남 태안군,2022-02-09,28.6
충남 태안군,2022-02-10,23.4
충남 태안군,2022-02-11,53.6
충남 태안군,2022-02-12,102.2
충남 태안군,2022-02-13,76.6
충남 태안군,2022-02-14,55.4
충남 태안군,2022-02-15,46.8
충남 태안군,2022-02-16,31.8
충남 태안군,2022-02-17,33.5
충남 태안군,2022-02-18,36.8
충남 태안군,2022-02-19,42.4
충남 태안군,2022-02-20,34.2
충남 태안군,2022-02-21,26.0
충남 태안군,2022-02-22,30.2
충남 태안군,2022-02-23,26.0
충남 태안군,2022-02-24,28.6
충남 태안군,2022-02-25,33.2
충남 태안군,2022-02-26,69.0
충남 태안군,2022-02-27,47.8
충남 태안군,2022-02-28,34.2
충남 태안군,2022-03-01,24.6
충남 태안군,2022-03-02,29.6
충남 태안군,2022-03-03,54.6
충남 태안군,2022-03-04,62.2
충남 태안군,2022-03-05,199.0
충남 태안군,2022-03-06,49.6
충남 태안군,2022-03-07,29.6
충남 태안군,2022-03-08,39.4
충남 태안군,2022-03-09,38.2
충남 태안군,2022-03-10,69.2
충남 태안군,2022-03-11,76.6
충남 태안군,2022-03-12,74.8
충남 태안군,2022-03-13,24.2
충남 태안군,2022-03-14,22.4
충남 태안군,2022-03-15,40.8
충남 태안군,2022-03-16,37.6
충남 태안군,2022-03-17,63.6
충남 태안군,2022-03-18,7.4
충남 태안군,2022-03-19,15.0
충남 태안군,2022-03-20,34.0
충남 태안군,2022-03-21,30.2
충남 태안군,2022-03-22,31.4
충남 태안군,2022-03-23,25.6
충남 태안군,2022-03-24,22.8
충남 태안군,2022-03-25,44.4
충남 태안군,2022-03-26,32.0
충남 태안군,2022-03-27,40.666666666666664
충남 태안군,2022-03-28,24.333333333333332
충남 태안군,2022-03-29,52.0
충남 태안군,2022-03-30,47.8
충남 태안군,2022-03-31,14.6
충남 태안군,2022-04-01,31.4
충남 태안군,2022-04-02,29.8
충남 태안군,2022-04-03,32.2
충남 태안군,2022-04-04,43.4
충남 태안군,2022-04-05,51.2
충남 태안군,2022-04-06,53.0
충남 태안군,2022-04-07,55.8
충남 태안군,2022-04-08,30.8
충남 태안군,2022-04-09,62.4
충남 태안군,2022-04-10,41.6
충남 태안군,2022-04-11,38.2
충남 태안군,2022-04-12,9.2
충남 태안군,2022-04-13,11.6
충남 태안군,2022-04-14,10.0
충남 태안군,2022-04-15,20.6
충남 태안군,2022-04-16,62.6
충남 태안군,2022-04-17,54.0
충남 태안군,2022-04-18,53.4
충남 태안군,2022-04-19,53.4
충남 태안군,2022-04-20,54.2
충남 태안군,2022-04-21,39.8
충남 태안군,2022-04-22,30.8
충남 태안군,2022-04-23,47.8
충남 태안군,2022-04-24,71.8
충남 태안군,2022-04-25,21.4
충남 태안군,2022-04-26,49.2
충남 태안군,2022-04-27,36.4
충남 태안군,2022-04-28,39.8
충남 태안군,2022-04-29,41.2
충남 태안군,2022-04-30,15.4
충남 태안군,2022-05-01,53.2
충남 태안군,2022-05-02,58.0
충남 태안군,2022-05-03,40.8
충남 태안군,2022-05-04,27.8
충남 태안군,2022-05-05,29.0
충남 태안군,2022-05-06,43.0
충남 태안군,2022-05-07,46.4
충남 태안군,2022-05-08,41.4
충남 태안군,2022-05-09,22.0
충남 태안군,2022-05-10,30.6
충남 태안군,2022-05-11,40.4
충남 태안군,2022-05-12,23.8
충남 태안군,2022-05-13,40.0
충남 태안군,2022-05-14,67.0
충남 태안군,2022-05-15,28.2
충남 태안군,2022-05-16,23.4
충남 태안군,2022-05-17,33.8
충남 태안군,2022-05-18,66.8
충남 태안군,2022-05-19,51.8
충남 태안군,2022-05-20,35.4
충남 태안군,2022-05-21,25.6
충남 태안군,2022-05-22,23.4
충남 태안군,2022-05-23,44.2
충남 태안군,2022-05-24,31.2
충남 태안군,2022-05-25,20.8
충남 태안군,2022-05-26,14.0
충남 태안군,2022-05-27,21.8
충남 태안군,2022-05-28,39.0
충남 태안군,2022-05-29,22.4
충남 태안군,2022-05-30,24.2
충남 태안군,2022-05-31,18.6
충남 태안군,2022-06-01,23.8
충남 태안군,2022-06-02,21.6
충남 태안군,2022-06-03,11.0
충남 태안군,2022-06-04,10.4
충남 태안군,2022-06-05,59.75
충남 태안군,2022-06-06,14.8
충남 태안군,2022-06-07,9.0
충남 태안군,2022-06-08,28.8
충남 태안군,2022-06-09,16.8
충남 태안군,2022-06-10,23.0
충남 태안군,2022-06-11,19.6
충남 태안군,2022-06-12,32.4
충남 태안군,2022-06-13,21.2
충남 태안군,2022-06-14,27.8
충남 태안군,2022-06-15,14.4
충남 태안군,2022-06-16,11.4
충남 태안군,2022-06-17,13.6
충남 태안군,2022-06-18,15.8
충남 태안군,2022-06-19,15.4
충남 태안군,2022-06-20,10.75
충남 태안군,2022-06-21,8.8
충남 태안군,2022-06-22,13.4
충남 태안군,2022-06-23,25.25
충남 태안군,2022-06-24,34.5
충남 태안군,2022-06-25,62.0
충남 태안군,2022-06-26,14.2
충남 태안군,2022-06-27,15.25
충남 태안군,2022-06-28,17.25
충남 태안군,2022-06-29,20.25
충남 태안군,2022-06-30,24.333333333333332
충남 태안군,2022-07-01,12.25
충남 태안군,2022-07-02,16.25
충남 태안군,2022-07-03,31.75
충남 태안군,2022-07-04,21.25
충남 태안군,2022-07-05,39.0
충남 태안군,2022-07-06,31.75
충남 태안군,2022-07-07,19.5
충남 태안군,2022-07-08,43.0
충남 태안군,2022-07-09,34.6
충남 태안군,2022-07-10,43.6
충남 태안군,2022-07-11,23.75
충남 태안군,2022-07-12,12.0
충남 태안군,2022-07-13,43.5
충남 태안군,2022-07-14,38.666666666666664
충남 태안군,2022-07-15,15.0
충남 태안군,2022-07-16,36.6
충남 태안군,2022-07-17,25.0
충남 태안군,2022-07-18,25.2
충남 태안군,2022-07-19,21.4
충남 태안군,2022-07-20,34.666666666666664
충남 태안군,2022-07-21,41.25
충남 태안군,2022-07-22,45.8
충남 태안군,2022-07-23,49.0
충남 태안군,2022-07-24,32.8
충남 태안군,2022-07-25,14.8
충남 태안군,2022-07-26,22.25
충남 태안군,2022-07-27,27.2
충남 태안군,2022-07-28,38.6
충남 태안군,2022-07-29,35.8
충남 태안군,2022-07-30,28.5
충남 태안군,2022-07-31,19.25
충남 태안군,2022-08-01,11.2
충남 태안군,2022-08-02,18.0
충남 태안군,2022-08-03,20.2
충남 태안군,2022-08-04,24.0
충남 태안군,2022-08-05,28.2
충남 태안군,2022-08-06,33.0
충남 태안군,2022-08-07,36.6
충남 태안군,2022-08-08,47.333333333333336
충남 태안군,2022-08-09,48.666666666666664
충남 태안군,2022-08-10,32.25
충남 태안군,2022-08-11,23.4
충남 태안군,2022-08-12,14.2
충남 태안군,2022-08-13,17.2
충남 태안군,2022-08-14,21.8
충남 태안군,2022-08-15,28.5
충남 태안군,2022-08-16,38.333333333333336
충남 태안군,2022-08-17,28.4
충남 태안군,2022-08-18,22.6
충남 태안군,2022-08-19,23.6
충남 태안군,2022-08-20,47.0
충남 태안군,2022-08-21,17.0
충남 태안군,2022-08-22,27.2
충남 태안군,2022-08-23,14.6
충남 태안군,2022-08-24,31.6
충남 태안군,2022-08-25,17.4
충남 태안군,2022-08-26,18.2
충남 태안군,2022-08-27,43.8
충남 태안군,2022-08-28,22.6
충남 태안군,2022-08-29,34.0
충남 태안군,2022-08-30,14.6
충남 태안군,2022-08-31,20.0
충남 태안군,2022-09-01,28.2
충남 태안군,2022-09-02,31.0
충남 태안군,2022-09-03,18.6
충남 태안군,2022-09-04,14.8
충남 태안군,2022-09-05,15.8
충남 태안군,2022-09-06,13.8
충남 태안군,2022-09-07,45.6
충남 태안군,2022-09-08,34.8
충남 태안군,2022-09-09,30.2
충남 태안군,2022-09-10,38.2
충남 태안군,2022-09-11,31.4
충남 태안군,2022-09-12,26.8
충남 태안군,2022-09-13,30.8
충남 태안군,2022-09-14,27.5
충남 태안군,2022-09-15,23.2
충남 태안군,2022-09-16,23.2
충남 태안군,2022-09-17,13.6
충남 태안군,2022-09-18,19.5
충남 태안군,2022-09-19,50.75
충남 태안군,2022-09-20,67.0
충남 태안군,2022-09-21,27.4
충남 태안군,2022-09-22,30.6
충남 태안군,2022-09-23,33.0
충남 태안군,2022-09-24,32.0
충남 태안군,2022-09-25,33.0
충남 태안군,2022-09-26,39.4
충남 태안군,2022-09-27,21.6
충남 태안군,2022-09-28,48.0
충남 태안군,2022-09-29,30.6
충남 태안군,2022-09-30,33.6
충남 태안군,2022-10-01,51.2
충남 태안군,2022-10-02,110.2
충남 태안군,2022-10-03,35.2
충남 태안군,2022-10-04,40.25
충남 태안군,2022-10-05,35.4
충남 태안군,2022-10-06,20.2
충남 태안군,2022-10-07,28.8
충남 태안군,2022-10-08,27.2
충남 태안군,2022-10-09,27.8
충남 태안군,2022-10-10,15.0
충남 태안군,2022-10-11,8.0
충남 태안군,2022-10-12,25.2
충남 태안군,2022-10-13,49.4
충남 태안군,2022-10-14,26.6
충남 태안군,2022-10-15,31.0
충남 태안군,2022-10-16,57.6
충남 태안군,2022-10-17,89.0
충남 태안군,2022-10-18,28.8
충남 태안군,2022-10-19,25.2
충남 태안군,2022-10-20,38.8
충남 태안군,2022-10-21,38.6
충남 태안군,2022-10-22,49.4
충남 태안군,2022-10-23,41.8
충남 태안군,2022-10-24,29.8
충남 태안군,2022-10-25,35.8
충남 태안군,2022-10-26,31.0
충남 태안군,2022-10-27,29.0
충남 태안군,2022-10-28,35.0
충남 태안군,2022-10-29,48.6
충남 태안군,2022-10-30,55.4
충남 태안군,2022-10-31,51.4
충남 태안군,2022-11-01,43.4
충남 태안군,2022-11-02,32.8
충남 태안군,2022-11-03,26.0
충남 태안군,2022-11-04,34.0
충남 태안군,2022-11-05,24.2
충남 태안군,2022-11-06,30.2
충남 태안군,2022-11-07,30.2
충남 태안군,2022-11-08,35.0
충남 태안군,2022-11-09,55.0
충남 태안군,2022-11-10,68.5
충남 태안군,2022-11-11,91.0
충남 태안군,2022-11-12,71.4
충남 태안군,2022-11-13,14.5
충남 태안군,2022-11-14,37.4
충남 태안군,2022-11-15,29.0
충남 태안군,2022-11-16,53.2
충남 태안군,2022-11-17,32.5
충남 태안군,2022-11-18,19.0
충남 태안군,2022-11-19,31.0
충남 태안군,2022-11-20,48.333333333333336
충남 태안군,2022-11-21,40.333333333333336
충남 태안군,2022-11-22,33.666666666666664
충남 태안군,2022-11-23,44.666666666666664
충남 태안군,2022-11-24,23.666666666666668
충남 태안군,2022-11-25,41.333333333333336
충남 태안군,2022-11-26,30.666666666666668
충남 태안군,2022-11-27,35.333333333333336
충남 태안군,2022-11-28,41.0
충남 태안군,2022-11-29,5.5
충남 태안군,2022-11-30,18.333333333333332
충남 태안군,2022-12-01,25.666666666666668
충남 태안군,2022-12-02,26.666666666666668
충남 태안군,2022-12-03,28.666666666666668
충남 태안군,2022-12-04,45.333333333333336
충남 태안군,2022-12-05,10.0
충남 태안군,2022-12-06,17.666666666666668
충남 태안군,2022-12-07,43.0
충남 태안군,2022-12-08,20.0
충남 태안군,2022-12-09,20.5
충남 태안군,2022-12-10,37.0
충남 태안군,2022-12-11,31.0
충남 태안군,2022-12-12,19.0
충남 태안군,2022-12-13,89.66666666666667
충남 태안군,2022-12-14,34.5
충남 태안군,2022-12-15,21.0
충남 태안군,2022-12-16,28.666666666666668
충남 태안군,2022-12-17,7.0
충남 태안군,2022-12-18,11.0
충남 태안군,2022-12-19,20.0
충남 태안군,2022-12-20,38.333333333333336
충남 태안군,2022-12-21,36.0
충남 태안군,2022-12-22,70.0
충남 태안군,2022-12-23,20.333333333333332
충남 태안군,2022-12-24,21.0
충남 태안군,2022-12-25,24.666666666666668
충남 태안군,2022-12-26,19.0
충남 태안군,2022-12-27,24.0
충남 태안군,2022-12-28,31.333333333333332
충남 태안군,2022-12-29,36.333333333333336
충남 태안군,2022-12-30,39.666666666666664
충남 태안군,2022-12-31,28.0
충남 태안군,2023-01-01,60.333333333333336
서울 중구,2021-02-02,49.0
서울 중구,2021-02-06,23.0
서울 중구,2021-02-07,109.0
서울 중구,2021-02-08,41.0
서울 중구,2021-02-09,26.0
서울 중구,2021-02-10,19.0
서울 중구,2021-02-11,42.0
서울 중구,2021-02-12,89.0
서울 중구,2021-02-13,98.0
서울 중구,2021-02-14,80.5
서울 중구,2021-02-15,126.0
서울 중구,2021-02-16,20.0
서울 중구,2021-02-17,30.5
서울 중구,2021-02-19,46.5
서울 중구,2021-02-20,48.0
서울 중구,2021-02-21,56.0
서울 중구,2021-02-22,54.5
서울 중구,2021-02-23,33.0
서울 중구,2021-02-24,58.5
서울 중구,2021-02-25,47.0
서울 중구,2021-02-26,64.0
서울 중구,2021-02-27,29.0
서울 중구,2021-02-28,19.5
서울 중구,2021-03-01,35.0
서울 중구,2021-03-02,4.5
서울 중구,2021-03-04,58.0
서울 중구,2021-03-05,40.5
서울 중구,2021-03-06,27.0
서울 중구,2021-03-07,12.5
서울 중구,2021-03-08,32.5
서울 중구,2021-03-09,37.5
서울 중구,2021-03-10,66.5
서울 중구,2021-03-11,139.5
서울 중구,2021-03-12,66.5
서울 중구,2021-03-13,43.0
서울 중구,2021-03-14,69.5
서울 중구,2021-03-15,85.5
서울 중구,2021-03-16,63.0
서울 중구,2021-03-18,73.0
서울 중구,2021-03-19,129.0
서울 중구,2021-03-21,50.0
서울 중구,2021-03-22,32.5
서울 중구,2021-03-23,66.0
서울 중구,2021-03-24,76.0
서울 중구,2021-03-25,36.0
서울 중구,2021-03-26,81.0
서울 중구,2021-03-30,250.0
서울 중구,2021-03-31,49.0
서울 중구,2021-04-01,46.0
서울 중구,2021-04-02,58.5
서울 중구,2021-04-05,25.0
서울 중구,2021-04-06,21.5
서울 중구,2021-04-07,53.0
서울 중구,2021-04-08,43.0
서울 중구,2021-04-09,36.0
서울 중구,2021-04-11,40.0
서울 중구,2021-04-14,22.5
서울 중구,2021-04-15,36.0
서울 중구,2021-04-17,90.5
서울 중구,2021-04-18,39.0
서울 중구,2021-04-19,35.5
서울 중구,2021-04-20,58.0
서울 중구,2021-04-21,52.5
서울 중구,2021-04-22,103.0
서울 중구,2021-04-23,68.0
서울 중구,2021-04-24,21.5
서울 중구,2021-04-25,26.5
서울 중구,2021-04-26,25.5
서울 중구,2021-05-01,29.5
서울 중구,2021-05-02,5.0
서울 중구,2021-05-05,7.5
서울 중구,2021-05-06,73.0
서울 중구,2021-05-08,936.0
서울 중구,2021-05-09,219.5
서울 중구,2021-05-10,29.0
서울 중구,2021-05-11,23.5
서울 중구,2021-05-12,19.5
서울 중구,2021-05-13,37.0
서울 중구,2021-05-14,49.5
서울 중구,2021-05-18,19.0
서울 중구,2021-05-19,22.0
서울 중구,2021-05-22,24.5
서울 중구,2021-05-23,44.5
서울 중구,2021-05-24,28.5
서울 중구,2021-05-26,47.5
서울 중구,2021-06-02,57.5
서울 중구,2021-06-04,16.5
서울 중구,2021-06-05,37.0
서울 중구,2021-06-06,74.5
서울 중구,2021-06-07,38.5
서울 중구,2021-06-08,47.5
서울 중구,2021-06-09,42.5
서울 중구,2021-06-12,23.0
서울 중구,2021-06-13,26.5
서울 중구,2021-06-14,31.5
서울 중구,2021-06-16,13.5
서울 중구,2021-06-17,13.0
서울 중구,2021-06-19,38.0
서울 중구,2021-06-20,43.5
서울 중구,2021-06-21,80.0
서울 중구,2021-06-24,25.0
서울 중구,2021-06-25,34.5
서울 중구,2021-07-01,37.0
서울 중구,2021-07-02,37.5
서울 중구,2021-07-05,17.5
서울 중구,2021-07-06,40.0
서울 중구,2021-07-09,9.0
서울 중구,2021-07-12,25.5
서울 중구,2021-07-13,40.5
서울 중구,2021-07-14,39.0
서울 중구,2021-07-15,18.5
서울 중구,2021-07-16,17.5
서울 중구,2021-07-17,18.5
서울 중구,2021-07-18,10.5
서울 중구,2021-07-21,31.0
서울 중구,2021-07-22,25.5
서울 중구,2021-07-23,35.0
서울 중구,2021-07-24,44.0
서울 중구,2021-07-25,28.0
서울 중구,2021-07-26,24.5
서울 중구,2021-07-27,20.0
서울 중구,2021-07-28,28.5
서울 중구,2021-07-29,49.0
서울 중구,2021-07-30,23.5
서울 중구,2021-08-04,13.5
서울 중구,2021-08-05,24.5
서울 중구,2021-08-06,18.5
서울 중구,2021-08-07,9.0
서울 중구,2021-08-09,10.5
서울 중구,2021-08-10,7.5
서울 중구,2021-08-11,22.5
서울 중구,2021-08-13,45.5
서울 중구,2021-08-14,20.0
서울 중구,2021-08-15,16.0
서울 중구,2021-08-16,18.5
서울 중구,2021-08-19,9.5
서울 중구,2021-08-20,14.5
서울 중구,2021-08-28,23.5
서울 중구,2021-08-30,32.0
서울 중구,2021-09-02,5.5
서울 중구,2021-09-03,15.5
서울 중구,2021-09-04,12.0
서울 중구,2021-09-05,6.5
서울 중구,2021-09-09,17.5
서울 중구,2021-09-10,33.5
서울 중구,2021-09-11,22.5
서울 중구,2021-09-12,25.0
서울 중구,2021-09-13,19.0
서울 중구,2021-09-14,20.5
서울 중구,2021-09-15,12.5
서울 중구,2021-09-16,11.0
서울 중구,2021-09-17,11.5
서울 중구,2021-09-18,8.0
서울 중구,2021-09-19,15.5
서울 중구,2021-09-20,12.0
서울 중구,2021-09-23,9.0
서울 중구,2021-09-24,18.5
서울 중구,2021-09-25,5.5
서울 중구,2021-09-26,4.0
서울 중구,2021-09-27,4.5
서울 중구,2021-09-30,17.5
서울 중구,2021-10-02,10.5
서울 중구,2021-10-03,44.0
서울 중구,2021-10-05,36.5
서울 중구,2021-10-12,13.5
서울 중구,2021-10-13,11.5
서울 중구,2021-10-14,14.5
서울 중구,2021-10-15,17.0
서울 중구,2021-10-16,30.0
서울 중구,2021-10-17,19.0
서울 중구,2021-10-20,35.0
서울 중구,2021-10-21,28.0
서울 중구,2021-10-22,35.0
서울 중구,2021-10-23,46.5
서울 중구,2021-10-24,26.0
서울 중구,2021-10-25,22.0
서울 중구,2021-10-26,29.0
서울 중구,2021-10-27,49.0
서울 중구,2021-10-28,28.5
서울 중구,2021-10-29,32.0
서울 중구,2021-10-30,33.5
서울 중구,2021-10-31,32.5
서울 중구,2021-11-01,29.0
서울 중구,2021-11-02,33.5
서울 중구,2021-11-03,32.0
서울 중구,2021-11-04,54.5
서울 중구,2021-11-05,70.5
서울 중구,2021-11-06,69.0
서울 중구,2021-11-07,60.0
서울 중구,2021-11-10,10.0
서울 중구,2021-11-11,12.5
서울 중구,2021-11-12,21.0
서울 중구,2021-11-13,17.0
서울 중구,2021-11-14,32.0
서울 중구,2021-11-15,71.5
서울 중구,2021-11-16,45.0
서울 중구,2021-11-17,35.0
서울 중구,2021-11-18,34.5
서울 중구,2021-11-19,60.0
서울 중구,2021-11-20,186.0
서울 중구,2021-11-23,34.0
서울 중구,2021-11-24,17.5
서울 중구,2021-11-25,36.0
서울 중구,2021-11-26,24.5
서울 중구,2021-11-27,23.0
서울 중구,2021-11-28,43.0
서울 중구,2021-11-29,49.0
서울 중구,2021-12-01,16.5
서울 중구,2021-12-02,17.0
서울 중구,2021-12-04,15.0
서울 중구,2021-12-05,25.0
서울 중구,2021-12-06,40.5
서울 중구,2021-12-07,35.0
서울 중구,2021-12-08,33.5
서울 중구,2021-12-09,48.5
서울 중구,2021-12-10,21.5
서울 중구,2021-12-11,33.0
서울 중구,2021-12-12,68.0
서울 중구,2021-12-13,12.5
서울 중구,2021-12-16,101.5
서울 중구,2021-12-17,102.5
서울 중구,2021-12-18,15.5
서울 중구,2021-12-21,66.0
서울 중구,2021-12-22,24.5
서울 중구,2021-12-23,30.5
서울 중구,2021-12-24,42.0
서울 중구,2021-12-25,41.0
서울 중구,2021-12-26,19.5
서울 중구,2021-12-27,18.5
서울 중구,2021-12-28,40.0
서울 중구,2021-12-29,51.0
서울 중구,2021-12-30,35.0
서울 중구,2021-12-31,20.0
충남 태안군,2021-01-13,152.25
충남 태안군,2021-02-01,47.5
충남 태안군,2021-02-02,56.75
충남 태안군,2021-02-03,29.0
충남 태안군,2021-02-04,60.25
충남 태안군,2021-02-05,25.0
충남 태안군,2021-02-06,19.5
충남 태안군,2021-02-07,124.75
충남 태안군,2021-02-08,43.75
충남 태안군,2021-02-09,31.5
충남 태안군,2021-02-10,24.25
충남 태안군,2021-02-11,29.0
충남 태안군,2021-02-12,78.5
충남 태안군,2021-02-13,94.75
충남 태안군,2021-02-14,62.25
충남 태안군,2021-02-15,81.0
충남 태안군,2021-02-16,28.0
충남 태안군,2021-02-17,39.0
충남 태안군,2021-02-18,39.5
충남 태안군,2021-02-19,32.75
충남 태안군,2021-02-20,55.5
충남 태안군,2021-02-21,76.0
충남 태안군,2021-02-22,46.25
충남 태안군,2021-02-23,48.75
충남 태안군,2021-02-24,53.0
충남 태안군,2021-02-25,31.25
충남 태안군,2021-02-26,86.0
충남 태안군,2021-02-27,45.25
충남 태안군,2021-02-28,26.0
충남 태안군,2021-03-01,66.5
충남 태안군,2021-03-02,5.0
충남 태안군,2021-03-03,31.0
충남 태안군,2021-03-04,42.0
충남 태안군,2021-03-05,38.75
충남 태안군,2021-03-06,17.0
충남 태안군,2021-03-07,23.75
충남 태안군,2021-03-08,20.0
충남 태안군,2021-03-09,38.5
충남 태안군,2021-03-10,39.25
충남 태안군,2021-03-11,120.75
충남 태안군,2021-03-12,77.25
충남 태안군,2021-03-13,86.0
충남 태안군,2021-03-14,57.0
충남 태안군,2021-03-15,44.5
충남 태안군,2021-03-16,50.5
충남 태안군,2021-03-17,94.75
충남 태안군,2021-03-18,52.5
충남 태안군,2021-03-19,74.25
충남 태안군,2021-03-20,68.0
충남 태안군,2021-03-21,70.25
충남 태안군,2021-03-22,46.75
충남 태안군,2021-03-23,85.0
충남 태안군,2021-03-24,71.75
충남 태안군,2021-03-25,32.25
충남 태안군,2021-03-26,22.75
충남 태안군,2021-03-27,83.0
충남 태안군,2021-03-28,5.75
충남 태안군,2021-03-29,54.75
충남 태안군,2021-03-30,733.75
충남 태안군,2021-03-31,39.75
충남 태안군,2021-04-01,33.0
충남 태안군,2021-04-02,44.0
충남 태안군,2021-04-03,63.5
충남 태안군,2021-04-04,10.0
충남 태안군,2021-04-05,23.25
충남 태안군,2021-04-06,33.5
충남 태안군,2021-04-07,67.25
충남 태안군,2021-04-08,40.5
충남 태안군,2021-04-09,23.75
충남 태안군,2021-04-10,47.5
충남 태안군,2021-04-11,42.25
충남 태안군,2021-04-12,51.5
충남 태안군,2021-04-13,5.25
충남 태안군,2021-04-14,32.5
충남 태안군,2021-04-15,29.0
충남 태안군,2021-04-16,31.75
충남 태안군,2021-04-17,116.5
충남 태안군,2021-04-18,34.5
충남 태안군,2021-04-19,41.5
충남 태안군,2021-04-20,36.0
충남 태안군,2021-04-21,30.75
충남 태안군,2021-04-22,60.75
충남 태안군,2021-04-23,45.25
충남 태안군,2021-04-24,29.75
충남 태안군,2021-04-25,24.75
충남 태안군,2021-04-26,22.0
충남 태안군,2021-04-27,31.0
충남 태안군,2021-04-28,25.25
충남 태안군,2021-04-29,89.75
충남 태안군,2021-04-30,38.5
충남 태안군,2021-05-01,30.5
충남 태안군,2021-05-02,21.75
충남 태안군,2021-05-03,39.25
충남 태안군,2021-05-04,25.75
충남 태안군,2021-05-05,9.0
충남 태안군,2021-05-06,80.75
충남 태안군,2021-05-07,75.25
충남 태안군,2021-05-08,656.5
충남 태안군,2021-05-09,187.25
충남 태안군,2021-05-10,48.0
충남 태안군,2021-05-11,26.25
충남 태안군,2021-05-12,21.75
충남 태안군,2021-05-13,40.0
충남 태안군,2021-05-14,35.0
충남 태안군,2021-05-15,57.5
충남 태안군,2021-05-16,10.75
충남 태안군,2021-05-17,11.25
충남 태안군,2021-05-18,25.25
충남 태안군,2021-05-19,25.75
충남 태안군,2021-05-20,43.25
충남 태안군,2021-05-21,13.5
충남 태안군,2021-05-22,21.5
충남 태안군,2021-05-23,36.25
충남 태안군,2021-05-24,22.25
충남 태안군,2021-05-25,165.75
충남 태안군,2021-05-26,50.75
충남 태안군,2021-05-27,53.75
충남 태안군,2021-05-28,62.25
충남 태안군,2021-05-29,39.5
충남 태안군,2021-05-30,21.5
충남 태안군,2021-05-31,23.25
충남 태안군,2021-06-01,23.25
충남 태안군,2021-06-02,31.4
충남 태안군,2021-06-03,35.2
충남 태안군,2021-06-04,10.2
충남 태안군,2021-06-05,30.4
충남 태안군,2021-06-06,55.6
충남 태안군,2021-06-07,26.6
충남 태안군,2021-06-08,18.0
충남 태안군,2021-06-09,20.6
충남 태안군,2021-06-10,33.25
충남 태안군,2021-06-11,21.4
충남 태안군,2021-06-12,10.0
충남 태안군,2021-06-13,13.2
충남 태안군,2021-06-14,12.2
충남 태안군,2021-06-15,27.0
충남 태안군,2021-06-16,19.666666666666668
충남 태안군,2021-06-17,15.666666666666666
충남 태안군,2021-06-18,18.333333333333332
충남 태안군,2021-06-19,34.6
충남 태안군,2021-06-20,46.2
충남 태안군,2021-06-21,52.8
충남 태안군,2021-06-22,24.6
충남 태안군,2021-06-23,35.25
충남 태안군,2021-06-24,45.5
충남 태안군,2021-06-25,36.4
충남 태안군,2021-06-26,29.6
충남 태안군,2021-06-27,53.2
충남 태안군,2021-06-28,36.0
충남 태안군,2021-06-29,42.0
충남 태안군,2021-06-30,35.8
충남 태안군,2021-07-01,34.2
충남 태안군,2021-07-02,34.4
충남 태안군,2021-07-03,55.2
충남 태안군,2021-07-04,10.2
충남 태안군,2021-07-05,17.0
충남 태안군,2021-07-06,20.6
충남 태안군,2021-07-07,4.6
충남 태안군,2021-07-08,10.666666666666666
충남 태안군,2021-07-09,11.0
충남 태안군,2021-07-10,14.2
충남 태안군,2021-07-11,16.2
충남 태안군,2021-07-12,29.8
충남 태안군,2021-07-13,24.2
충남 태안군,2021-07-14,17.6
충남 태안군,2021-07-15,13.0
충남 태안군,2021-07-16,12.6
충남 태안군,2021-07-17,24.4
충남 태안군,2021-07-18,20.2
충남 태안군,2021-07-19,21.2
충남 태안군,2021-07-20,17.0
충남 태안군,2021-07-21,49.4
충남 태안군,2021-07-22,38.4
충남 태안군,2021-07-23,46.4
충남 태안군,2021-07-24,35.2
충남 태안군,2021-07-25,40.4
충남 태안군,2021-07-26,37.2
충남 태안군,2021-07-27,20.2
충남 태안군,2021-07-28,35.8
충남 태안군,2021-07-29,35.8
충남 태안군,2021-07-30,16.6
충남 태안군,2021-07-31,15.2
충남 태안군,2021-08-01,28.2
충남 태안군,2021-08-02,10.4
충남 태안군,2021-08-03,15.6
충남 태안군,2021-08-04,12.2
충남 태안군,2021-08-05,26.8
충남 태안군,2021-08-06,26.4
충남 태안군,2021-08-07,7.0
충남 태안군,2021-08-08,20.25
충남 태안군,2021-08-09,16.2
충남 태안군,2021-08-10,14.4
충남 태안군,2021-08-11,31.2
충남 태안군,2021-08-12,35.0
충남 태안군,2021-08-13,37.0
충남 태안군,2021-08-14,30.2
충남 태안군,2021-08-15,13.8
충남 태안군,2021-08-16,25.6
충남 태안군,2021-08-17,26.2
충남 태안군,2021-08-18,15.0
충남 태안군,2021-08-19,18.0
충남 태안군,2021-08-20,17.4
충남 태안군,2021-08-21,24.8
충남 태안군,2021-08-22,23.6
충남 태안군,2021-08-23,32.4
충남 태안군,2021-08-24,9.2
충남 태안군,2021-08-25,22.6
충남 태안군,2021-08-26,12.0
충남 태안군,2021-08-27,51.2
충남 태안군,2021-08-28,32.8
충남 태안군,2021-08-29,31.2
충남 태안군,2021-08-30,30.2
충남 태안군,2021-08-31,53.0
충남 태안군,2021-09-01,10.8
충남 태안군,2021-09-02,13.0
충남 태안군,2021-09-03,13.4
충남 태안군,2021-09-04,19.6
충남 태안군,2021-09-05,24.4
충남 태안군,2021-09-06,19.0
충남 태안군,2021-09-07,11.0
충남 태안군,2021-09-08,11.4
충남 태안군,2021-09-09,24.4
충남 태안군,2021-09-10,33.666666666666664
충남 태안군,2021-09-11,25.4
충남 태안군,2021-09-12,19.8
충남 태안군,2021-09-13,21.2
충남 태안군,2021-09-14,19.6
충남 태안군,2021-09-15,18.2
충남 태안군,2021-09-16,19.6
충남 태안군,2021-09-17,22.6
충남 태안군,2021-09-18,38.2
충남 태안군,2021-09-19,17.2
충남 태안군,2021-09-20,25.2
충남 태안군,2021-09-21,40.6
충남 태안군,2021-09-22,32.6
충남 태안군,2021-09-23,18.4
충남 태안군,2021-09-24,21.2
충남 태안군,2021-09-25,26.2
충남 태안군,2021-09-26,15.2
충남 태안군,2021-09-27,23.0
충남 태안군,2021-09-28,27.6
충남 태안군,2021-09-29,22.0
충남 태안군,2021-09-30,25.4
충남 태안군,2021-10-01,29.0
충남 태안군,2021-10-02,13.0
충남 태안군,2021-10-03,35.4
충남 태안군,2021-10-04,44.0
충남 태안군,2021-10-05,45.4
충남 태안군,2021-10-06,20.6
충남 태안군,2021-10-07,36.8
충남 태안군,2021-10-08,21.8
충남 태안군,2021-10-09,41.6
충남 태안군,2021-10-10,34.8
충남 태안군,2021-10-11,35.0
충남 태안군,2021-10-12,28.0
충남 태안군,2021-10-13,14.0
충남 태안군,2021-10-14,17.8
충남 태안군,2021-10-15,31.0
충남 태안군,2021-10-16,33.6
충남 태안군,2021-10-17,34.2
충남 태안군,2021-10-18,22.8
충남 태안군,2021-10-19,25.8
충남 태안군,2021-10-20,31.6
충남 태안군,2021-10-21,21.4
충남 태안군,2021-10-22,30.25
충남 태안군,2021-10-23,39.6
충남 태안군,2021-10-24,40.6
충남 태안군,2021-10-25,34.8
충남 태안군,2021-10-26,45.4
충남 태안군,2021-10-27,49.0
충남 태안군,2021-10-28,25.8
충남 태안군,2021-10-29,39.2
충남 태안군,2021-10-30,36.0
충남 태안군,2021-10-31,39.6
충남 태안군,2021-11-01,44.2
충남 태안군,2021-11-02,39.0
충남 태안군,2021-11-03,34.0
충남 태안군,2021-11-04,47.8
충남 태안군,2021-11-05,30.4
충남 태안군,2021-11-06,88.6
충남 태안군,2021-11-07,69.6
충남 태안군,2021-11-08,26.2
충남 태안군,2021-11-09,15.4
충남 태안군,2021-11-10,22.2
충남 태안군,2021-11-11,31.4
충남 태안군,2021-11-12,24.0
충남 태안군,2021-11-13,32.2
충남 태안군,2021-11-14,47.8
충남 태안군,2021-11-15,59.4
충남 태안군,2021-11-16,50.0
충남 태안군,2021-11-17,45.4
충남 태안군,2021-11-18,57.8
충남 태안군,2021-11-19,52.0
충남 태안군,2021-11-20,130.8
충남 태안군,2021-11-21,94.6
충남 태안군,2021-11-22,24.2
충남 태안군,2021-11-23,29.0
충남 태안군,2021-11-24,29.2
충남 태안군,2021-11-25,51.4
충남 태안군,2021-11-26,41.0
충남 태안군,2021-11-27,22.8
충남 태안군,2021-11-28,39.6
충남 태안군,2021-11-29,53.0
충남 태안군,2021-11-30,35.0
충남 태안군,2021-12-01,38.2
충남 태안군,2021-12-02,26.8
충남 태안군,2021-12-03,42.0
충남 태안군,2021-12-04,22.2
충남 태안군,2021-12-05,18.8
충남 태안군,2021-12-06,52.4
충남 태안군,2021-12-07,37.6
충남 태안군,2021-12-08,58.4
충남 태안군,2021-12-09,52.6
충남 태안군,2021-12-10,48.4
충남 태안군,2021-12-11,64.2
충남 태안군,2021-12-12,74.8
충남 태안군,2021-12-13,25.8
충남 태안군,2021-12-14,26.0
충남 태안군,2021-12-15,47.2
충남 태안군,2021-12-16,107.6
충남 태안군,2021-12-17,97.6
충남 태안군,2021-12-18,32.6
충남 태안군,2021-12-19,38.8
충남 태안군,2021-12-20,39.666666666666664
충남 태안군,2021-12-21,69.2
충남 태안군,2021-12-22,20.6
충남 태안군,2021-12-23,25.2
충남 태안군,2021-12-24,70.0
충남 태안군,2021-12-25,29.2
충남 태안군,2021-12-26,23.8
충남 태안군,2021-12-27,21.8
충남 태안군,2021-12-28,37.8
충남 태안군,2021-12-29,39.2
충남 태안군,2021-12-30,40.4
충남 태안군,2021-12-31,33.6
